<?xml version="1.0" encoding="UTF-8"?>
<project-private xmlns="http://www.netbeans.org/ns/project-private/1">
    <editor-bookmarks xmlns="http://www.netbeans.org/ns/editor-bookmarks/2" lastBookmarkId="0"/>
    <open-files xmlns="http://www.netbeans.org/ns/projectui-open-files/2">
        <group>
            <file>file:/C:/Users/Peggy/OneDrive/Documents/GitHub/tutorMe/tutorMeAnt/nbproject/genfiles.properties</file>
            <file>file:/C:/Users/Peggy/OneDrive/Documents/GitHub/tutorMe/tutorMeAnt/src/model/ScheduleModel.java</file>
            <file>file:/C:/Users/Peggy/OneDrive/Documents/GitHub/tutorMe/tutorMeAnt/src/view/Review.java</file>
            <file>file:/C:/Users/Peggy/OneDrive/Documents/GitHub/tutorMe/tutorMeAnt/src/controller/StudentData.java</file>
            <file>file:/C:/Users/Peggy/OneDrive/Documents/GitHub/tutorMe/tutorMeAnt/src/view/Tutor.java</file>
            <file>file:/C:/Users/Peggy/OneDrive/Documents/GitHub/tutorMe/tutorMeAnt/src/model/Course.java</file>
            <file>file:/C:/Users/Peggy/OneDrive/Documents/GitHub/tutorMe/tutorMeAnt/src/view/TutorFrame.java</file>
            <file>file:/C:/Users/Peggy/OneDrive/Documents/GitHub/tutorMe/tutorMeAnt/nbproject/project.properties</file>
            <file>file:/C:/Users/Peggy/OneDrive/Documents/GitHub/tutorMe/tutorMeAnt/src/model/Student.java</file>
            <file>file:/C:/Users/Peggy/OneDrive/Documents/GitHub/tutorMe/tutorMeAnt/src/controller/AdminDAO.java</file>
            <file>file:/C:/Users/Peggy/OneDrive/Documents/GitHub/tutorMe/tutorMeAnt/src/model/Grade.java</file>
            <file>file:/C:/Users/Peggy/OneDrive/Documents/GitHub/tutorMe/tutorMeAnt/src/controller/AddStudent.java</file>
            <file>file:/C:/Users/Peggy/OneDrive/Documents/GitHub/tutorMe/tutorMeAnt/src/controller/RatingData.java</file>
            <file>file:/C:/Users/Peggy/OneDrive/Documents/GitHub/tutorMe/tutorMeAnt/src/model/University.java</file>
            <file>file:/C:/Users/Peggy/OneDrive/Documents/GitHub/tutorMe/tutorMeAnt/src/view/StudentFrame.java</file>
            <file>file:/C:/Users/Peggy/OneDrive/Documents/GitHub/tutorMe/tutorMeAnt/nbproject/private/config.properties</file>
            <file>file:/C:/Users/Peggy/OneDrive/Documents/GitHub/tutorMe/tutorMeAnt/nbproject/private/private.xml</file>
            <file>file:/C:/Users/Peggy/OneDrive/Documents/GitHub/tutorMe/tutorMeAnt/manifest.mf</file>
            <file>file:/C:/Users/Peggy/OneDrive/Documents/GitHub/tutorMe/tutorMeAnt/src/view/profileFrame.java</file>
            <file>file:/C:/Users/Peggy/OneDrive/Documents/GitHub/tutorMe/tutorMeAnt/nbproject/private/private.properties</file>
            <file>file:/C:/Users/Peggy/OneDrive/Documents/GitHub/tutorMe/tutorMeAnt/src/model/Admin.java</file>
            <file>file:/C:/Users/Peggy/OneDrive/Documents/GitHub/tutorMe/tutorMeAnt/src/model/Assignment.java</file>
            <file>file:/C:/Users/Peggy/OneDrive/Documents/GitHub/tutorMe/tutorMeAnt/build/built-jar.properties</file>
            <file>file:/C:/Users/Peggy/OneDrive/Documents/GitHub/tutorMe/tutorMeAnt/src/model/People.java</file>
            <file>file:/C:/Users/Peggy/OneDrive/Documents/GitHub/tutorMe/tutorMeAnt/src/tutormeant/TutorMeAnt.java</file>
            <file>file:/C:/Users/Peggy/OneDrive/Documents/GitHub/tutorMe/tutorMeAnt/src/model/Rating.java</file>
            <file>file:/C:/Users/Peggy/OneDrive/Documents/GitHub/tutorMe/tutorMeAnt/src/model/Time.java</file>
            <file>file:/C:/Users/Peggy/OneDrive/Documents/GitHub/tutorMe/tutorMeAnt/src/view/LoginFrame.java</file>
            <file>file:/C:/Users/Peggy/OneDrive/Documents/GitHub/tutorMe/tutorMeAnt/src/model/Resources.java</file>
            <file>file:/C:/Users/Peggy/OneDrive/Documents/GitHub/tutorMe/tutorMeAnt/src/database/DBConnectionManager.java</file>
            <file>file:/C:/Users/Peggy/OneDrive/Documents/GitHub/tutorMe/tutorMeAnt/nbproject/project.xml</file>
            <file>file:/C:/Users/Peggy/OneDrive/Documents/GitHub/tutorMe/tutorMeAnt/build.xml</file>
            <file>file:/C:/Users/Peggy/OneDrive/Documents/GitHub/tutorMe/tutorMeAnt/nbproject/build-impl.xml</file>
            <file>file:/C:/Users/Peggy/OneDrive/Documents/GitHub/tutorMe/tutorMeAnt/src/model/Announcements.java</file>
            <file>file:/C:/Users/Peggy/OneDrive/Documents/GitHub/tutorMe/tutorMeAnt/src/controller/RegisterUser.java</file>
            <file>file:/C:/Users/Peggy/OneDrive/Documents/GitHub/tutorMe/tutorMeAnt/src/model/Subject.java</file>
            <file>file:/C:/Users/Peggy/OneDrive/Documents/GitHub/tutorMe/tutorMeAnt/src/model/User.java</file>
            <file>file:/C:/Users/Peggy/OneDrive/Documents/GitHub/tutorMe/tutorMeAnt/src/view/RegisterFrame.java</file>
            <file>file:/C:/Users/Peggy/OneDrive/Documents/GitHub/tutorMe/tutorMeAnt/src/view/GradePanel.java</file>
            <file>file:/C:/Users/Peggy/OneDrive/Documents/GitHub/tutorMe/tutorMeAnt/src/database/TestDBConnection.java</file>
            <file>file:/C:/Users/Peggy/OneDrive/Documents/GitHub/tutorMe/tutorMeAnt/src/model/Tutor.java</file>
        </group>
    </open-files>
</project-private>
